GTCAACTCTTTAGCG,h_totalseq_1
TGATGGCCTATTGGG,h_totalseq_2
TTCCGCCTCTCTTTG,h_totalseq_3
AGTAAGTTCAGCGTA,h_totalseq_4
AAGTATCGTTTCGCA,h_totalseq_5
GGTTGCCAGATGTCA,h_totalseq_6
TGTCTTTCCTGCCAG,h_totalseq_7
CTCCTCTGCAATTAC,h_totalseq_8
CAGTAGTCACGGTCA,h_totalseq_9
ATTGACCCGCGTTAG,h_totalseq_10
ACCCACCAGTAAGAC,m_totalseq_1
GGTCGAGAGCATTCA,m_totalseq_2
CTTGCCGCATGTCAT,m_totalseq_3
AAAGCATTCTTCACG,m_totalseq_4
CTTTGTCTTTGTGAG,m_totalseq_5
TATGCTGCCACGGTA,m_totalseq_6
GAGTCTGCCAGTATC,m_totalseq_7
TATAGAACGCCAGGC,m_totalseq_8
TGCCTATGAAACAAG,m_totalseq_9
CCGATTGTAACAGAC,m_totalseq_10
