ACGAATCAATCTGTG,CD80
GTCTTTGTCAGTGCA,CD86
GTTGTCCGACAATAC,CD274
TCAACGCTTGGCTAG,CD273
GTGCATTCAACAGTA,CD275
TGAAGGCTCATTTGT,CD11b
TTTAGTGATCCGACT,CD252
ATTCGCCTTACGCAA,CD137L
ATCACATCGTTGCCA,CD155
AACCTTCCGTCTAAG,CD112
GCATTCTGTCACCTA,CD47
CGCGAACATAAGAAG,CD70
TCAGGGTGTGCTGTA,CD30
CTCAGATGGAGTATG,CD40
GCTAGATAGATGCAA,CD154
CTTTGTACGAGCAAA,CD52
CTCATTGTAACTCCT,CD3
GCGCAACTTGATGAT,CD8
TCCTTTCCTGATAGG,CD56
CTGGGCAATTACTCG,CD19
TAACTCAGGGCCTAT,CD33
TACGCCTATAACTTG,CD11c
GCAGAAATCTCCCTT,CD34
CAGATGATCCACCAT,CD269
TATGCGAGGCTTATC,HLA_A_B_C
GCATTGTACGATTCA,CD90
AGACTAATAGCTGAC,CD117
CAGCCATTCATTAGG,CD10
TCAATCCTTCCGCTT,CD45RA
CTTCACTCTGTCAGG,CD123
TGGATTCCCGGACTT,CD7
TTCCGAGGATGATCT,CD49f
AGCTTACCTGCACGA,CD194
TGTTCCCGCTCAACT,CD4
TGGCTTCAGGTCCTA,CD44
TCTCAGACCTCCGTA,CD14
AAGTTCACTCTTTGC,CD16
TTTGTCCTGTACGCC,CD25
CTCCGAATCATGTTG,CD45RO
ACAGCGCCGTATTTA,CD279
TTGCTTACCGCCAGA,TIGIT
GCCGGACGACATTAA,IgG1_isotype
CTCCTACCTAAACTG,IgG2a_isotype
ATATGTATCACGCGA,IgG2b_isotype
GATTCTTGACGACCT,IgG2b_rat_isotype
TTCTGGGTCCCTAGA,CD20
ACAATTTGAACAGCG,CD335
TGTTTACGAGAGCCC,CD294
TTCCGAGCAAGTATC,CD326
ACCTTTATGCCACGG,CD31
GGTTACTCGTTGTGT,Podoplanin
CCTTGGATAACATCA,CD146
ATCCTTCTCCCTTTC,CD324
TAGCGAGCCCGTATA,IgM
CATTAACGGGATGCC,CD5
CTTCCGATTCATTCA,TCR_g_d
GCGATGGTAGATTAT,CD183
CCAAAGTAAGAGCCA,CD195
GCTTCCGAATTACCG,CD32
GATCCCTTTGTCACT,CD196
AATTCAACCGTCGCC,CD185
GACCTCATTGTGAAT,CD103
GTCTCTTGGCTTAAA,CD69
GTCCCTGCAACTTGA,CD62L
AGTTCAGTCAACCGA,CD197
GTACGCAGTCCTTCT,CD161
ATGGTTCACGTAATC,CD152
CATTTGTCTGCCGGT,CD223
CTTATTTCCTGCCCT,KLRG1
GCACTCCTGCATGTA,CD27
CAGCCCACTGCAATA,CD107a
CCAGCTCATTAGAGC,CD95
AATAGCGAGCAAGTA,HLA_DR
GAGCTACTTCACTCG,CD1c
AAGTATGCCCTACGA,CD64
GGATAACCGCGCTTT,CD141
TCGAGTCGCTTATCA,CD1d
CGTGTTTGTTCCTCA,CD314
AGCTGTAAGTTTCGG,CD66b
ACTTCCGTCGATCTT,CD35
AACTCCCTATGGAGG,CD57
TGTCCTACCCAACTT,CD366
GTTATTGGACTAAGG,CD272
CGCGCACCCATTAAA,CD278
GTTCCTATGGACGAC,CD58
TGGCCTATAAATGGT,CD96
TTACCTGGTATCCGT,CD39
CCGGTCCTCTGTATT,CD178
AGTATCGTCTCTGGG,CX3CR1
AGATTCCTTCGTGTT,CD24
AACCTAGTAGTTCGG,CD21
TATATCCTTGTGAGC,CD11a
AAGATGTCCGAGCAA,IgA
ATTCTTCAACCGAAG,CD79b
GGGACAGTTCGTTTC,CD66_a_c_e
TCGCTTGGATGGTAG,CD244
GCTCCTTTACACGTA,CD235ab
TCAGAACGTCTAACT,CD206
TACTCAGCGTGTTTG,CD169
CTGCATTTCAGTAAG,CD370
AAGACGCATGTCAAC,XCR1
TCCTTGGATGTACCG,integrin_beta7
CGAAGTCGATCCGTA,CD268
CTGATAGACTTGAGT,CD54
CCTTCCGTATCCCTT,CD62P
CGTAACGTAGAGCGA,TCR_a_b
TCACAGTTCCTTGGA,CD106
TCATTTCCTCCGATT,CD122
AGTGATGGAGCGAAC,CD267
CTCGTTTCCGTATCG,FCeRIalpha
ACGTTGTGGCCTTGT,CD41
CAGTAAGTTCGGGAC,CD137
TCCGTGTTAGTTTGT,CD254
GCTTCTCCTTCCTTA,CD163
CCACTCATTTCCGGT,CD83
ACCTTTCGACACTCG,CD357
TTCACGCAGTAAGAT,CD309
CCGTCCTGATAGATG,CD124
TCAGGTCCTTTCAAC,CD184
TACGATTTGTCAGGG,CD2
TCTCAGTGTTTGTGG,CD226
GTATTCCCTCAGTCA,CD29
GAGATGTCCGAATTT,CD303
GCTTTCTTCAGTATG,CD49b
GTATCCTTCCTTGGC,CD81
GCACCAACAGCCATT,CD98
CTGGAGCGATTAGAA,IgD
CAGTCTCCGTAGAGT,IgD
TATTGGGACACTTCT,CD18
TGAGAACGACCCTAA,CD28
CAGTCCTCTCTGTCA,TSLPR
TGTACCCGCTTGTGA,CD38
GTGTGTTGTCCTATG,CD127
TGCAATTACCCGGAT,CD45
TCACCAGTACCTAGT,CD15
GGGTTGTTGTCTTTG,CD22
CCGTGTTCCTCATTA,CD71
TGTATGTCTGCCTTG,B7-H4
GGTGGCTAGATAATG,CD26
ACCAATCCTTTCGTC,CD193
TAGCGAGCCAGATGT,CD204
TCCACTCATTCTGTA,CD144
GATCGTGTTGTGTTA,CD1a
GGACTAAGTTTCGTT,CD304
TTCTTTGCCTTGCCA,CD36
TATCAACCAACGCTT,CD158
CGATTTGTATTCCCT,CD207
CCATTCAACTTCCGG,CD49d
CAGTTCCTCAGTTCG,CD73
TACGAGCAGTATTCA,TCR_V_alpha7_2
TCAGTCAGATGGTAT,TCR_V_d_2
AAGTGATGGTATCTG,TCR_V_g_9
AACTTCTGTGGTAGC,TCR_V_alpha_24_J_alpha_18
ATTTCCATTCCCTGT,CD305
ACCCTTTACCGAATA,LOX-1
GACCCGTAGTTTGAT,CD158b
GTAAGACGCCTATGC,CD133
TCACTGGACACTTAA,CD209
GGACGCTTTCCTTGA,CD158e1
AAAGTGATGCCACTG,CD158f
AAAGTCACTCTGCCG,CD337
GGGCAATTAGCGAGT,CD336
CGATTTGATCTGCCT,CD307d
TCACGCAGTCCTCAA,CD307e
AGTATGCCATGTCTT,CD319
GTATAGACCAAAGCC,CD138
ACCCGTCCCTAAGAA,CD99
CATTAGAGTCTGCCA,CLEC12A
CTCGTTTGTAGCAAT,Tau_phospho
CAGAGCACCCATTAA,CD257
CTTTCCGGTCCTACA,CD94
GTCATTGTATGTCTG,CD150
AGCTCAGCCAGTATG,Ig_light_chain_kappa
GATGCAATTAGCCGG,Mac-2
CCTTGTGAGGCTATG,CD85j
TCTGTATAACCGTCT,CD23
CAGCCAGTAAGTCAC,Ig_light_chain_lambda
GAACATTTCCGACAA,HLA_A2
AGGTATGGTAGAGTA,GARP
CTTAGCATTTCACTG,CD328
TTATGGACGTATGGT,TCR_V_beta_13_1
TCCCACTTCCGCTTT,CD82
CTACTTCCCTGTCAA,CD101
GAGGATGATGCCATG,CD360
GCCGCATGAGAAACA,CD88
GCAACTCTCCTACCT,HLA_F
ACGCTTGTGTTAGTT,NLRP2
GAGCCGGTATAATGC,Podocalyxin
CTGATGAGATGTCAG,CD224
GCTGCTGCGATTTGA,c_Met
ACTTCCCTGTAGAAA,CD258
GAGTTCCCTCAGTTC,DR3
GTCAACTCTTTAGCG,totalseq_1
TGATGGCCTATTGGG,totalseq_2
TTCCGCCTCTCTTTG,totalseq_3
AGTAAGTTCAGCGTA,totalseq_4
AAGTATCGTTTCGCA,totalseq_5
GGTTGCCAGATGTCA,totalseq_6